category,site,search_query,price_uah,name,url
gpu,Citrus,Видеокарта RTX,28349.0,Відеокарта INNO,https://citrus.ua/videokarti/videokarta-inno3d-geforce-rtx5060-ti-8gb-gddr7-x2-n506t2-08d7-193075n-799685.html
gpu,Comfy,Видеокарта RTX,28469.0,Відеокарта Asus Dual GeForce RTX 5060 Ti 8GB GDDR7 OC Edition (DUAL-RTX5060TI-O8G),https://comfy.ua/ua/videokarta-asus-dual-rtx5060ti-o8g.html
gpu,Citrus,Видеокарта RTX,29069.0,Відеокарта INNO,https://citrus.ua/videokarti/videokarta-inno3d-geforce-rtx5060-ti-8gb-gddr7-x2-oc-white-n506t2-08d7x-193075w-799686.html
gpu,Citrus,Видеокарта RTX,33099.0,Відеокарта MSI RTX,https://citrus.ua/videokarti/videokarta-msi-rtx5070-12gb-gddr7-rtx5070-12gb-rtx5070-12g-ventus-2x-oc-791430.html
gpu,Comfy,Видеокарта RTX,38914.0,Системний блок QUBE QB Ryzen 5 5500 RTX 3050 8GB 162 (Ryzen55500RTX30508GB162),https://comfy.ua/ua/sistemnyj-blok-qube-qb-ryzen-5-5500-rtx-3050-8gb-162-ryzen55500rtx30508gb162.html
gpu,Comfy,Видеокарта RTX,49763.0,Системний блок QUBE QB Ryzen 5 5500 RTX 5050 8GB CRb 1610 (Ryzen55500RTX50508GBCRb1610),https://comfy.ua/ua/sistemnij-blok-qube-qb-ryzen-5-5500-rtx-5050-8gb-crb-1610-ryzen55500rtx50508gbcrb1610.html
gpu,Comfy,Видеокарта RTX,51590.0,Системний блок Expert PC Play Ryzen 5 5600 / RTX 5060 / DDR4 16Gb / SSD 500Gb (A5600.16.S5.5060.A6504),https://comfy.ua/ua/sistemnij-blok-expert-pc-ultimate-a5600-16-s5-5060-a6504.html
gpu,Comfy,Видеокарта RTX,51999.0,Системний блок Expert PC Play Ryzen 5 5600 / RTX 5060 / DDR4 16Gb / SSD 1Tb (A5600.16.S10.5060.A6499),https://comfy.ua/ua/sistemnij-blok-expert-pc-ultimate-a5600-16-s10-5060-a6499.html
gpu,Comfy,Видеокарта RTX,53518.0,Системний блок QUBE QB Ryzen 5 3500X RTX 5050 8GB NM 3210 (Ryzen53500XRTX50508GBNM3210),https://comfy.ua/ua/sistemnij-blok-qube-qb-ryzen-5-3500x-rtx-5050-8gb-nm-3210-ryzen53500xrtx50508gbnm3210.html
gpu,Comfy,Видеокарта RTX,53591.0,Системний блок QUBE QB Ryzen 5 5500 RTX 5060 8GB NM 1610 (Ryzen55500RTX50608GBNM1610),https://comfy.ua/ua/sistemnij-blok-qube-qb-ryzen-5-5500-rtx-5060-8gb-nm-1610-ryzen55500rtx50608gbnm1610.html
gpu,Comfy,Видеокарта RTX,53765.0,Системний блок QUBE QB Ryzen 5 5500 RTX 5060 8GB CRb 1610 (Ryzen55500RTX50608GBCRb1610),https://comfy.ua/ua/sistemnij-blok-qube-qb-ryzen-5-5500-rtx-5060-8gb-crb-1610-ryzen55500rtx50608gbcrb1610.html
gpu,Comfy,Видеокарта RTX,56549.0,Системний блок QUBE QB Ryzen 5 5600X RTX 5060 8GB CRb 1610 (Ryzen55600XRTX50608GBCRb1610),https://comfy.ua/ua/sistemnij-blok-qube-qb-ryzen-5-5600x-rtx-5060-8gb-crb-1610-ryzen55600xrtx50608gbcrb1610.html
gpu,Comfy,Видеокарта RTX,57471.0,Системний блок QUBE QB Ryzen 5 5600X RTX 5060 Ti 8GB NM 1610 (Ryzen55600XRTX5060TI8GBNM1610),https://comfy.ua/ua/sistemnij-blok-qube-qb-ryzen-5-5600x-rtx-5060-ti-8gb-nm-1610-ryzen55600xrtx5060ti8gbnm1610.html
gpu,Comfy,Видеокарта RTX,59594.0,Системний блок QUBE QB Ryzen 5 5500 RTX 5060 8GB NM 3210 (Ryzen55500RTX50608GBNM3210),https://comfy.ua/ua/sistemnij-blok-qube-qb-ryzen-5-5500-rtx-5060-8gb-nm-3210-ryzen55500rtx50608gbnm3210.html
gpu,Comfy,Видеокарта RTX,61160.0,Системний блок Expert PC Play Ryzen 5 5600 / RTX 5060 / DDR4 32Gb / SSD 1Tb (A5600.32.S10.5060.A6529),https://comfy.ua/ua/sistemnij-blok-expert-pc-ultimate-a5600-32-s10-5060-a6529.html
gpu,Comfy,Видеокарта RTX,61769.0,Системний блок QUBE QB Ryzen 5 5600 RTX 5060 8GB CRb 3210 (Ryzen55600RTX50608GBCRb3210),https://comfy.ua/ua/sistemnij-blok-qube-qb-ryzen-5-5600-rtx-5060-8gb-crb-3210-ryzen55600rtx50608gbcrb3210.html
gpu,Comfy,Видеокарта RTX,62639.0,Системний блок QUBE QB Ryzen 5 5600X RTX 5060 8GB CRb 3210 (Ryzen55600XRTX50608GBCRb3210),https://comfy.ua/ua/sistemnij-blok-qube-qb-ryzen-5-5600x-rtx-5060-8gb-crb-3210-ryzen55600xrtx50608gbcrb3210.html
gpu,Comfy,Видеокарта RTX,63932.0,Системний блок QUBE QB Ryzen 5 5600X RTX 5060 Ti 8GB CRb 3210 (Ryzen55600XRTX5060TI8GBCRb3210),https://comfy.ua/ua/sistemnij-blok-qube-qb-ryzen-5-5600x-rtx-5060-ti-8gb-crb-3210-ryzen55600xrtx5060ti8gbcrb3210.html
gpu,Comfy,Видеокарта RTX,67650.0,Системний блок QUBE QB i5 14400F RTX 5060 Ti 8GB NM 3210 (i514400FRTX5060TI8GBNM3210),https://comfy.ua/ua/sistemnij-blok-qube-qb-i5-14400f-rtx-5060-ti-8gb-nm-3210-i514400frtx5060ti8gbnm3210.html
gpu,Citrus,Видеокарта RTX,75099.0,Відеокарта GIGABYTE RTX,https://citrus.ua/videokarti/videokarta-gigabyte-rtx5080-16gb-gddr7-gv-n5080aero-oc-16gd-10-791652.html
gpu,Comfy,Видеокарта RTX,76303.0,Системний блок QUBE QB Ryzen 7 7700X RTX 3050 8GB W1 324 (Ryzen77700XRTX30508GBW1324),https://comfy.ua/ua/sistemnyj-blok-qube-qb-ryzen-7-7700x-rtx-3050-8gb-w1-324-ryzen77700xrtx30508gbw1324.html
gpu,Comfy,Видеокарта RTX,77556.0,Системний блок QUBE QB Ryzen 5 7500F RTX 5060 Ti 8GB CRb 3210 (Ryzen57500FRTX5060TI8GBCRb3210),https://comfy.ua/ua/sistemnij-blok-qube-qb-ryzen-5-7500f-rtx-5060-ti-8gb-crb-3210-ryzen57500frtx5060ti8gbcrb3210.html
gpu,Comfy,Видеокарта RTX,81344.0,Системний блок QUBE QB Ryzen 5 5600X RTX 5060 Ti 16GB NM 3210 (Ryzen55600XRTX5060TI16GBNM3210),https://comfy.ua/ua/sistemnij-blok-qube-qb-ryzen-5-5600x-rtx-5060-ti-16gb-nm-3210-ryzen55600xrtx5060ti16gbnm3210.html
gpu,Comfy,Видеокарта RTX,82019.0,Системний блок QUBE QB i5 14400F RTX 5060 Ti 16GB NM 3210 (i514400FRTX5060TI16GBNM3210),https://comfy.ua/ua/sistemnij-blok-qube-qb-i5-14400f-rtx-5060-ti-16gb-nm-3210-i514400frtx5060ti16gbnm3210.html
gpu,Comfy,Видеокарта RTX,82127.0,Системний блок QUBE QB i5 12400F RTX 5060 Ti 16GB NM 3210 (i512400FRTX5060TI16GBNM3210),https://comfy.ua/ua/sistemnij-blok-qube-qb-i5-12400f-rtx-5060-ti-16gb-nm-3210-i512400frtx5060ti16gbnm3210.html
gpu,Comfy,Видеокарта RTX,89928.0,Системний блок QUBE QB Ryzen 5 8400F RTX 5060 Ti 16GB CRb 3210 (Ryzen58400FRTX5060TI16GBCRb3210),https://comfy.ua/ua/sistemnij-blok-qube-qb-ryzen-5-8400f-rtx-5060-ti-16gb-crb-3210-ryzen58400frtx5060ti16gbcrb3210.html
gpu,Comfy,Видеокарта RTX,91180.0,Системний блок QUBE QB Ryzen 7 9700X RTX 5060 Ti 8GB MRGw 3210 (Ryzen79700XRTX5060TI8GBMRGw3210),https://comfy.ua/ua/sistemnij-blok-qube-qb-ryzen-7-9700x-rtx-5060-ti-8gb-mrgw-3210-ryzen79700xrtx5060ti8gbmrgw3210.html
gpu,Comfy,Видеокарта RTX,101354.0,Системний блок QUBE QB Ryzen 7 7700 RTX 5060 Ti 16GB NM 3210 (Ryzen77700RTX5060TI16GBNM3210),https://comfy.ua/ua/sistemnij-blok-qube-qb-ryzen-7-7700-rtx-5060-ti-16gb-nm-3210-ryzen77700rtx5060ti16gbnm3210.html
gpu,Comfy,Видеокарта RTX,103790.0,Системний блок QUBE QB Ryzen 7 7700 RTX 5070 12GB MRGb 3210 (Ryzen77700RTX507012GBMRGb3210),https://comfy.ua/ua/sistemnij-blok-qube-qb-ryzen-7-7700-rtx-5070-12gb-mrgb-3210-ryzen77700rtx507012gbmrgb3210.html
gpu,Comfy,Видеокарта RTX,107780.0,Системний блок QUBE QB Ryzen 7 9700X RTX 5070 12GB MRGb 3210 (Ryzen79700XRTX507012GBMRGb3210),https://comfy.ua/ua/sistemnij-blok-qube-qb-ryzen-7-9700x-rtx-5070-12gb-mrgb-3210-ryzen79700xrtx507012gbmrgb3210.html
gpu,Comfy,Видеокарта RTX,112986.0,Системний блок QUBE QB Core Ultra 7 265F RTX 5070 12GB MRGb 3210 (CoreUltra7265FRTX507012GBMRGb3210),https://comfy.ua/ua/sistemnij-blok-qube-qb-core-ultra-7-265f-rtx-5070-12gb-mrgb-3210-coreultra7265frtx507012gbmrgb3210.html
gpu,Comfy,Видеокарта RTX,128608.0,Системний блок QUBE QB Ryzen 7 9800X3D RTX 5070 12GB TK3B 3210 (Ryzen79800X3DRTX507012GBTK3B3210),https://comfy.ua/ua/sistemnij-blok-qube-qb-ryzen-7-9800x3d-rtx-5070-12gb-tk3b-3210-ryzen79800x3drtx507012gbtk3b3210.html
gpu,Comfy,Видеокарта RTX,131818.0,Системний блок QUBE QB Ryzen 7 9800X3D RTX 5070 12GB TK3W 3220 (Ryzen79800X3DRTX507012GBTK3W3220),https://comfy.ua/ua/sistemnij-blok-qube-qb-ryzen-7-9800x3d-rtx-5070-12gb-tk3w-3220-ryzen79800x3drtx507012gbtk3w3220.html
gpu,Comfy,Видеокарта RTX,134793.0,Системний блок QUBE QB Ryzen 7 9700X RTX 5070 Ti 16GB MRGb 3210 (Ryzen79700XRTX5070TI16GBMRGb3210),https://comfy.ua/ua/sistemnij-blok-qube-qb-ryzen-7-9700x-rtx-5070-ti-16gb-mrgb-3210-ryzen79700xrtx5070ti16gbmrgb3210.html
laptop,Citrus,Ноутбук,23999.0,Ноутбук Acer Aspire Lite AL,https://citrus.ua/noutbuki-i-ultrabuki/acer-aspire-lite-al15-46p-nxjxveu002-silver-788985.html
laptop,Citrus,Ноутбук,46499.0,Ноутбук Apple MacBook Neo A,https://citrus.ua/noutbuki-i-ultrabuki/noutbuk-apple-macbook-neo-a18-pro-chip-13-8512-touch-id-blush-mhfj4-2026-790231.html
laptop,Citrus,Ноутбук,46499.0,Ноутбук Apple MacBook Neo A,https://citrus.ua/noutbuki-i-ultrabuki/noutbuk-apple-macbook-neo-a18-pro-chip-13-8512-touch-id-indigo-mhfg4-2026-790233.html
phone,Citrus,Смартфон Samsung,39499.0,Смартфон Samsung Galaxy S,https://citrus.ua/smartfony/s741b-zkg-graphite-samsung-s26-fe-8256gb-802845.html
phone,Citrus,Смартфон Samsung,42299.0,Смартфон Samsung Galaxy S,https://citrus.ua/smartfony/s942b-zkg-black-samsung-12256gb-786736.html
phone,Citrus,Смартфон Samsung,59799.0,Смартфон Samsung Galaxy S,https://citrus.ua/smartfony/s948b-zkd-black-samsung-12256gb-786720.html
